{
  "project_info": {
    "project_number": "326417792583",
    "firebase_url": "https://recipe-diary-45081.firebaseio.com",
    "project_id": "recipe-diary-45081",
    "storage_bucket": "recipe-diary-45081.appspot.com"
  },
  "client": [
    {
      "client_info": {
        "mobilesdk_app_id": "1:326417792583:android:74f65caa504494a93a3b62",
        "android_client_info": {
          "package_name": "com.example.recipediary"
        }
      },
      "oauth_client": [
        {
          "client_id": "326417792583-50eb2hnu0cea4drtvr866hqgiu92hm1e.apps.googleusercontent.com",
          "client_type": 1,
          "android_info": {
            "package_name": "com.example.recipediary",
            "certificate_hash": "70bfe20dae820673260b77296130570ab5e58371"
          }
        },
        {
          "client_id": "326417792583-0tega1ponsiavdphftt8kt8k3d9u5p2i.apps.googleusercontent.com",
          "client_type": 3
        }
      ],
      "api_key": [
        {
          "current_key": "AIzaSyAKpatd4kQ82nmxG8oCwVjN7kvG8m75KZI"
        }
      ],
      "services": {
        "appinvite_service": {
          "other_platform_oauth_client": [
            {
              "client_id": "326417792583-0tega1ponsiavdphftt8kt8k3d9u5p2i.apps.googleusercontent.com",
              "client_type": 3
            }
          ]
        }
      }
    }
  ],
  "configuration_version": "1"
}